{
  "loss": 15707.904296875,
  "mae": 47.739009857177734,
  "val_loss": 11218.1787109375,
  "val_mae": 51.428871154785156,
  "epoch": 9,
  "global_step": 9870
}