{
  "loss": 78.33011627197266,
  "mae": 78.33011627197266,
  "val_loss": 61.47749710083008,
  "val_mae": 61.47749710083008,
  "epoch": 1,
  "global_step": 1974
}