{
  "loss": 89.11329650878906,
  "mae": 89.11329650878906,
  "val_loss": 61.9002799987793,
  "val_mae": 61.9002799987793,
  "epoch": 0,
  "global_step": 987
}